Sentiment,Avg Likes,Avg Retweets
Negative,88.65714285714286,19.114285714285714
Positive,79.7,28.566666666666666
Neutral,77.28571428571429,27.428571428571427
