AgeGroup,Avg Likes,Avg Retweets
Senior,85.16949152542372,23.050847457627118
Teen,78.96,26.04
Adult,77.88888888888889,26.22222222222222
